,Percentile,Sw,Phi
0,10,0.07439704822943986,0.15347817342571873
1,50,0.17270312218924241,0.1929902335787999
2,90,0.26343879981446233,0.26815589658101674
