,Percentile,Sw,Phi
0,10,0.17430463454935077,0.20339505768521096
1,50,0.17430463454935077,0.20339505768521096
2,90,0.17430463454935077,0.20339505768521096
