,Percentile,Sw,Phi
0,10,0.07439704822943986,0.1532601617633979
1,50,0.17270312218924241,0.19244011369274855
2,90,0.26343879981446233,0.2627726654690708
